case:concept:name,concept:name,start_timestamp,time:timestamp
1,transport_to_track_1,start,21:05:34
1,transport_to_track_1,end,21:05:39
1,transport_to_cell_1,start,21:05:39
1,transport_to_cell_1,end,21:05:39
1,operation_on_cell_1,start,21:05:39
1,operation_on_cell_1,end,21:05:39
1,transport_to_cell_2,start,21:05:39
1,transport_to_cell_2,end,21:05:49
1,operation_on_cell_2,start,21:05:49
1,operation_on_cell_2,end,21:05:54
1,transport_to_track_2,start,21:05:54
1,transport_to_track_2,end,21:05:59
2,transport_to_track_1,start,21:05:59
2,transport_to_track_1,end,21:06:04
2,transport_to_cell_1,start,21:06:04
2,transport_to_cell_1,end,21:06:09
2,operation_on_cell_1,start,21:06:09
2,operation_on_cell_1,end,21:06:24
2,transport_to_cell_2,start,21:06:24
2,transport_to_cell_2,end,21:06:24
2,operation_on_cell_2,start,21:06:24
2,operation_on_cell_2,end,21:06:29
2,transport_to_track_2,start,21:06:29
2,transport_to_track_2,end,21:06:29
3,transport_to_track_1,start,21:06:29
3,transport_to_track_1,end,21:06:29
3,transport_to_cell_1,start,21:06:29
3,transport_to_cell_1,end,21:06:34
3,operation_on_cell_1,start,21:06:34
3,operation_on_cell_1,end,21:06:34
3,transport_to_cell_2,start,21:06:34
3,transport_to_cell_2,end,21:06:34
3,operation_on_cell_2,start,21:06:34
3,operation_on_cell_2,end,21:06:34
3,transport_to_track_2,start,21:06:34
3,transport_to_track_2,end,21:06:44
4,transport_to_track_1,start,21:06:44
4,transport_to_track_1,end,21:06:44
4,transport_to_cell_1,start,21:06:44
4,transport_to_cell_1,end,21:06:54
4,operation_on_cell_1,start,21:06:54
4,operation_on_cell_1,end,21:06:59
4,transport_to_cell_2,start,21:06:59
4,transport_to_cell_2,end,21:06:59
4,operation_on_cell_2,start,21:06:59
4,operation_on_cell_2,end,21:07:04
4,transport_to_track_2,start,21:07:04
4,transport_to_track_2,end,21:07:04
5,transport_to_track_1,start,21:07:04
5,transport_to_track_1,end,21:07:04
5,transport_to_cell_1,start,21:07:04
5,transport_to_cell_1,end,21:07:14
5,operation_on_cell_1,start,21:07:14
5,operation_on_cell_1,end,21:07:14
5,transport_to_cell_2,start,21:07:14
5,transport_to_cell_2,end,21:07:14
5,operation_on_cell_2,start,21:07:14
5,operation_on_cell_2,end,21:07:14
5,transport_to_track_2,start,21:07:14
5,transport_to_track_2,end,21:07:14
6,transport_to_track_1,start,21:07:14
6,transport_to_track_1,end,21:07:24
6,transport_to_cell_1,start,21:07:24
6,transport_to_cell_1,end,21:07:29
6,operation_on_cell_1,start,21:07:29
6,operation_on_cell_1,end,21:07:29
6,transport_to_cell_2,start,21:07:29
6,transport_to_cell_2,end,21:07:34
6,operation_on_cell_2,start,21:07:34
6,operation_on_cell_2,end,21:07:34
6,transport_to_track_2,start,21:07:34
6,transport_to_track_2,end,21:07:44
7,transport_to_track_1,start,21:07:44
7,transport_to_track_1,end,21:07:44
7,transport_to_cell_1,start,21:07:44
7,transport_to_cell_1,end,21:07:49
7,operation_on_cell_1,start,21:07:49
7,operation_on_cell_1,end,21:07:54
7,transport_to_cell_2,start,21:07:54
7,transport_to_cell_2,end,21:07:59
7,operation_on_cell_2,start,21:07:59
7,operation_on_cell_2,end,21:08:09
7,transport_to_track_2,start,21:08:09
7,transport_to_track_2,end,21:08:09
8,transport_to_track_1,start,21:08:09
8,transport_to_track_1,end,21:08:09
8,transport_to_cell_1,start,21:08:09
8,transport_to_cell_1,end,21:08:14
8,operation_on_cell_1,start,21:08:14
8,operation_on_cell_1,end,21:08:19
8,transport_to_cell_2,start,21:08:19
8,transport_to_cell_2,end,21:08:19
8,operation_on_cell_2,start,21:08:19
8,operation_on_cell_2,end,21:08:24
8,transport_to_track_2,start,21:08:24
8,transport_to_track_2,end,21:08:29
9,transport_to_track_1,start,21:08:29
9,transport_to_track_1,end,21:08:34
9,transport_to_cell_1,start,21:08:34
9,transport_to_cell_1,end,21:08:39
9,operation_on_cell_1,start,21:08:39
9,operation_on_cell_1,end,21:08:59
9,transport_to_cell_2,start,21:08:59
9,transport_to_cell_2,end,21:08:59
9,operation_on_cell_2,start,21:08:59
9,operation_on_cell_2,end,21:09:04
9,transport_to_track_2,start,21:09:04
9,transport_to_track_2,end,21:09:04
10,transport_to_track_1,start,21:09:04
10,transport_to_track_1,end,21:09:09
10,transport_to_cell_1,start,21:09:09
10,transport_to_cell_1,end,21:09:14
10,operation_on_cell_1,start,21:09:14
10,operation_on_cell_1,end,21:09:14
10,transport_to_cell_2,start,21:09:14
10,transport_to_cell_2,end,21:09:24
10,operation_on_cell_2,start,21:09:24
10,operation_on_cell_2,end,21:09:24
10,transport_to_track_2,start,21:09:24
10,transport_to_track_2,end,21:09:24
11,transport_to_track_1,start,21:09:24
11,transport_to_track_1,end,21:09:24
11,transport_to_cell_1,start,21:09:24
11,transport_to_cell_1,end,21:09:24
11,operation_on_cell_1,start,21:09:24
11,operation_on_cell_1,end,21:09:24
11,transport_to_cell_2,start,21:09:24
11,transport_to_cell_2,end,21:09:24
11,operation_on_cell_2,start,21:09:24
11,operation_on_cell_2,end,21:09:34
11,transport_to_track_2,start,21:09:34
11,transport_to_track_2,end,21:09:34
12,transport_to_track_1,start,21:09:34
12,transport_to_track_1,end,21:09:34
12,transport_to_cell_1,start,21:09:34
12,transport_to_cell_1,end,21:09:34
12,operation_on_cell_1,start,21:09:34
12,operation_on_cell_1,end,21:09:34
12,transport_to_cell_2,start,21:09:34
12,transport_to_cell_2,end,21:09:34
12,operation_on_cell_2,start,21:09:34
12,operation_on_cell_2,end,21:09:39
12,transport_to_track_2,start,21:09:39
12,transport_to_track_2,end,21:09:44
13,transport_to_track_1,start,21:09:44
13,transport_to_track_1,end,21:09:44
13,transport_to_cell_1,start,21:09:44
13,transport_to_cell_1,end,21:09:54
13,operation_on_cell_1,start,21:09:54
13,operation_on_cell_1,end,21:09:54
13,transport_to_cell_2,start,21:09:54
13,transport_to_cell_2,end,21:10:09
13,operation_on_cell_2,start,21:10:09
13,operation_on_cell_2,end,21:10:14
13,transport_to_track_2,start,21:10:14
13,transport_to_track_2,end,21:10:14
14,transport_to_track_1,start,21:10:14
14,transport_to_track_1,end,21:10:19
14,transport_to_cell_1,start,21:10:19
14,transport_to_cell_1,end,21:10:24
14,operation_on_cell_1,start,21:10:24
14,operation_on_cell_1,end,21:10:29
14,transport_to_cell_2,start,21:10:29
14,transport_to_cell_2,end,21:10:34
14,operation_on_cell_2,start,21:10:34
14,operation_on_cell_2,end,21:10:34
14,transport_to_track_2,start,21:10:34
14,transport_to_track_2,end,21:10:44
15,transport_to_track_1,start,21:10:44
15,transport_to_track_1,end,21:10:44
15,transport_to_cell_1,start,21:10:44
15,transport_to_cell_1,end,21:10:44
15,operation_on_cell_1,start,21:10:44
15,operation_on_cell_1,end,21:10:59
15,transport_to_cell_2,start,21:10:59
15,transport_to_cell_2,end,21:11:04
15,operation_on_cell_2,start,21:11:04
15,operation_on_cell_2,end,21:11:04
15,transport_to_track_2,start,21:11:04
15,transport_to_track_2,end,21:11:04
16,transport_to_track_1,start,21:11:04
16,transport_to_track_1,end,21:11:09
16,transport_to_cell_1,start,21:11:09
16,transport_to_cell_1,end,21:11:09
16,operation_on_cell_1,start,21:11:09
16,operation_on_cell_1,end,21:11:24
16,transport_to_cell_2,start,21:11:24
16,transport_to_cell_2,end,21:11:24
16,operation_on_cell_2,start,21:11:24
16,operation_on_cell_2,end,21:11:24
16,transport_to_track_2,start,21:11:24
16,transport_to_track_2,end,21:11:29
17,transport_to_track_1,start,21:11:29
17,transport_to_track_1,end,21:11:34
17,transport_to_cell_1,start,21:11:34
17,transport_to_cell_1,end,21:11:34
17,operation_on_cell_1,start,21:11:34
17,operation_on_cell_1,end,21:11:39
17,transport_to_cell_2,start,21:11:39
17,transport_to_cell_2,end,21:11:49
17,operation_on_cell_2,start,21:11:49
17,operation_on_cell_2,end,21:12:04
17,transport_to_track_2,start,21:12:04
17,transport_to_track_2,end,21:12:09
18,transport_to_track_1,start,21:12:09
18,transport_to_track_1,end,21:12:09
18,transport_to_cell_1,start,21:12:09
18,transport_to_cell_1,end,21:12:14
18,operation_on_cell_1,start,21:12:14
18,operation_on_cell_1,end,21:12:24
18,transport_to_cell_2,start,21:12:24
18,transport_to_cell_2,end,21:12:24
18,operation_on_cell_2,start,21:12:24
18,operation_on_cell_2,end,21:12:24
18,transport_to_track_2,start,21:12:24
18,transport_to_track_2,end,21:12:34
19,transport_to_track_1,start,21:12:34
19,transport_to_track_1,end,21:12:59
19,transport_to_cell_1,start,21:12:59
19,transport_to_cell_1,end,21:13:04
19,operation_on_cell_1,start,21:13:04
19,operation_on_cell_1,end,21:13:09
19,transport_to_cell_2,start,21:13:09
19,transport_to_cell_2,end,21:13:09
19,operation_on_cell_2,start,21:13:09
19,operation_on_cell_2,end,21:13:24
19,transport_to_track_2,start,21:13:24
19,transport_to_track_2,end,21:13:44
20,transport_to_track_1,start,21:13:44
20,transport_to_track_1,end,21:13:49
20,transport_to_cell_1,start,21:13:49
20,transport_to_cell_1,end,21:14:09
20,operation_on_cell_1,start,21:14:09
20,operation_on_cell_1,end,21:14:14
20,transport_to_cell_2,start,21:14:14
20,transport_to_cell_2,end,21:14:14
20,operation_on_cell_2,start,21:14:14
20,operation_on_cell_2,end,21:14:14
20,transport_to_track_2,start,21:14:14
20,transport_to_track_2,end,21:14:14
21,transport_to_track_1,start,21:14:14
21,transport_to_track_1,end,21:14:19
21,transport_to_cell_1,start,21:14:19
21,transport_to_cell_1,end,21:14:24
21,operation_on_cell_1,start,21:14:24
21,operation_on_cell_1,end,21:14:24
21,transport_to_cell_2,start,21:14:24
21,transport_to_cell_2,end,21:14:24
21,operation_on_cell_2,start,21:14:24
21,operation_on_cell_2,end,21:14:24
21,transport_to_track_2,start,21:14:24
21,transport_to_track_2,end,21:14:24
22,transport_to_track_1,start,21:14:24
22,transport_to_track_1,end,21:14:34
22,transport_to_cell_1,start,21:14:34
22,transport_to_cell_1,end,21:14:34
22,operation_on_cell_1,start,21:14:34
22,operation_on_cell_1,end,21:14:34
22,transport_to_cell_2,start,21:14:34
22,transport_to_cell_2,end,21:14:39
22,operation_on_cell_2,start,21:14:39
22,operation_on_cell_2,end,21:14:49
22,transport_to_track_2,start,21:14:49
22,transport_to_track_2,end,21:14:54
23,transport_to_track_1,start,21:14:54
23,transport_to_track_1,end,21:14:54
23,transport_to_cell_1,start,21:14:54
23,transport_to_cell_1,end,21:14:59
23,operation_on_cell_1,start,21:14:59
23,operation_on_cell_1,end,21:15:09
23,transport_to_cell_2,start,21:15:09
23,transport_to_cell_2,end,21:15:19
23,operation_on_cell_2,start,21:15:19
23,operation_on_cell_2,end,21:15:19
23,transport_to_track_2,start,21:15:19
23,transport_to_track_2,end,21:15:19
24,transport_to_track_1,start,21:15:19
24,transport_to_track_1,end,21:15:19
24,transport_to_cell_1,start,21:15:19
24,transport_to_cell_1,end,21:15:29
24,operation_on_cell_1,start,21:15:29
24,operation_on_cell_1,end,21:15:29
24,transport_to_cell_2,start,21:15:29
24,transport_to_cell_2,end,21:15:39
24,operation_on_cell_2,start,21:15:39
24,operation_on_cell_2,end,21:15:49
24,transport_to_track_2,start,21:15:49
24,transport_to_track_2,end,21:15:54
25,transport_to_track_1,start,21:15:54
25,transport_to_track_1,end,21:16:09
25,transport_to_cell_1,start,21:16:09
25,transport_to_cell_1,end,21:16:14
25,operation_on_cell_1,start,21:16:14
25,operation_on_cell_1,end,21:16:14
25,transport_to_cell_2,start,21:16:14
25,transport_to_cell_2,end,21:16:19
25,operation_on_cell_2,start,21:16:19
25,operation_on_cell_2,end,21:16:24
25,transport_to_track_2,start,21:16:24
25,transport_to_track_2,end,21:16:29
26,transport_to_track_1,start,21:16:29
26,transport_to_track_1,end,21:16:34
26,transport_to_cell_1,start,21:16:34
26,transport_to_cell_1,end,21:16:39
26,operation_on_cell_1,start,21:16:39
26,operation_on_cell_1,end,21:16:49
26,transport_to_cell_2,start,21:16:49
26,transport_to_cell_2,end,21:16:49
26,operation_on_cell_2,start,21:16:49
26,operation_on_cell_2,end,21:16:49
26,transport_to_track_2,start,21:16:49
26,transport_to_track_2,end,21:17:04
27,transport_to_track_1,start,21:17:04
27,transport_to_track_1,end,21:17:04
27,transport_to_cell_1,start,21:17:04
27,transport_to_cell_1,end,21:17:14
27,operation_on_cell_1,start,21:17:14
27,operation_on_cell_1,end,21:17:19
27,transport_to_cell_2,start,21:17:19
27,transport_to_cell_2,end,21:17:19
27,operation_on_cell_2,start,21:17:19
27,operation_on_cell_2,end,21:17:24
27,transport_to_track_2,start,21:17:24
27,transport_to_track_2,end,21:17:29
28,transport_to_track_1,start,21:17:29
28,transport_to_track_1,end,21:17:29
28,transport_to_cell_1,start,21:17:29
28,transport_to_cell_1,end,21:17:34
28,operation_on_cell_1,start,21:17:34
28,operation_on_cell_1,end,21:17:39
28,transport_to_cell_2,start,21:17:39
28,transport_to_cell_2,end,21:17:39
28,operation_on_cell_2,start,21:17:39
28,operation_on_cell_2,end,21:17:39
28,transport_to_track_2,start,21:17:39
28,transport_to_track_2,end,21:17:39
29,transport_to_track_1,start,21:17:39
29,transport_to_track_1,end,21:17:44
29,transport_to_cell_1,start,21:17:44
29,transport_to_cell_1,end,21:17:44
29,operation_on_cell_1,start,21:17:44
29,operation_on_cell_1,end,21:17:49
29,transport_to_cell_2,start,21:17:49
29,transport_to_cell_2,end,21:17:49
29,operation_on_cell_2,start,21:17:49
29,operation_on_cell_2,end,21:17:54
29,transport_to_track_2,start,21:17:54
29,transport_to_track_2,end,21:17:59
30,transport_to_track_1,start,21:17:59
30,transport_to_track_1,end,21:18:04
30,transport_to_cell_1,start,21:18:04
30,transport_to_cell_1,end,21:18:14
30,operation_on_cell_1,start,21:18:14
30,operation_on_cell_1,end,21:18:19
30,transport_to_cell_2,start,21:18:19
30,transport_to_cell_2,end,21:18:24
30,operation_on_cell_2,start,21:18:24
30,operation_on_cell_2,end,21:18:29
30,transport_to_track_2,start,21:18:29
30,transport_to_track_2,end,21:18:34
31,transport_to_track_1,start,21:18:34
31,transport_to_track_1,end,21:18:44
31,transport_to_cell_1,start,21:18:44
31,transport_to_cell_1,end,21:18:54
31,operation_on_cell_1,start,21:18:54
31,operation_on_cell_1,end,21:19:15
31,transport_to_cell_2,start,21:19:15
31,transport_to_cell_2,end,21:19:20
31,operation_on_cell_2,start,21:19:20
31,operation_on_cell_2,end,21:19:20
31,transport_to_track_2,start,21:19:20
31,transport_to_track_2,end,21:19:25
32,transport_to_track_1,start,21:19:25
32,transport_to_track_1,end,21:19:35
32,transport_to_cell_1,start,21:19:35
32,transport_to_cell_1,end,21:19:40
32,operation_on_cell_1,start,21:19:40
32,operation_on_cell_1,end,21:19:50
32,transport_to_cell_2,start,21:19:50
32,transport_to_cell_2,end,21:19:55
32,operation_on_cell_2,start,21:19:55
32,operation_on_cell_2,end,21:19:55
32,transport_to_track_2,start,21:19:55
32,transport_to_track_2,end,21:19:55
33,transport_to_track_1,start,21:19:55
33,transport_to_track_1,end,21:19:55
33,transport_to_cell_1,start,21:19:55
33,transport_to_cell_1,end,21:20:05
33,operation_on_cell_1,start,21:20:05
33,operation_on_cell_1,end,21:20:10
33,transport_to_cell_2,start,21:20:10
33,transport_to_cell_2,end,21:20:10
33,operation_on_cell_2,start,21:20:10
33,operation_on_cell_2,end,21:20:15
33,transport_to_track_2,start,21:20:15
33,transport_to_track_2,end,21:20:25
34,transport_to_track_1,start,21:20:25
34,transport_to_track_1,end,21:20:25
34,transport_to_cell_1,start,21:20:25
34,transport_to_cell_1,end,21:20:25
34,operation_on_cell_1,start,21:20:25
34,operation_on_cell_1,end,21:20:25
34,transport_to_cell_2,start,21:20:25
34,transport_to_cell_2,end,21:20:35
34,operation_on_cell_2,start,21:20:35
34,operation_on_cell_2,end,21:20:45
34,transport_to_track_2,start,21:20:45
34,transport_to_track_2,end,21:20:50
35,transport_to_track_1,start,21:20:50
35,transport_to_track_1,end,21:20:55
35,transport_to_cell_1,start,21:20:55
35,transport_to_cell_1,end,21:20:55
35,operation_on_cell_1,start,21:20:55
35,operation_on_cell_1,end,21:21:00
35,transport_to_cell_2,start,21:21:00
35,transport_to_cell_2,end,21:21:05
35,operation_on_cell_2,start,21:21:05
35,operation_on_cell_2,end,21:21:10
35,transport_to_track_2,start,21:21:10
35,transport_to_track_2,end,21:21:15
36,transport_to_track_1,start,21:21:15
36,transport_to_track_1,end,21:21:25
36,transport_to_cell_1,start,21:21:25
36,transport_to_cell_1,end,21:21:25
36,operation_on_cell_1,start,21:21:25
36,operation_on_cell_1,end,21:21:35
36,transport_to_cell_2,start,21:21:35
36,transport_to_cell_2,end,21:21:45
36,operation_on_cell_2,start,21:21:45
36,operation_on_cell_2,end,21:21:45
36,transport_to_track_2,start,21:21:45
36,transport_to_track_2,end,21:21:45
37,transport_to_track_1,start,21:21:45
37,transport_to_track_1,end,21:21:45
37,transport_to_cell_1,start,21:21:45
37,transport_to_cell_1,end,21:21:50
37,operation_on_cell_1,start,21:21:50
37,operation_on_cell_1,end,21:21:55
37,transport_to_cell_2,start,21:21:55
37,transport_to_cell_2,end,21:22:00
37,operation_on_cell_2,start,21:22:00
37,operation_on_cell_2,end,21:22:00
37,transport_to_track_2,start,21:22:00
37,transport_to_track_2,end,21:22:00
38,transport_to_track_1,start,21:22:00
38,transport_to_track_1,end,21:22:05
38,transport_to_cell_1,start,21:22:05
38,transport_to_cell_1,end,21:22:10
38,operation_on_cell_1,start,21:22:10
38,operation_on_cell_1,end,21:22:20
38,transport_to_cell_2,start,21:22:20
38,transport_to_cell_2,end,21:22:25
38,operation_on_cell_2,start,21:22:25
38,operation_on_cell_2,end,21:22:30
38,transport_to_track_2,start,21:22:30
38,transport_to_track_2,end,21:22:35
39,transport_to_track_1,start,21:22:35
39,transport_to_track_1,end,21:22:45
39,transport_to_cell_1,start,21:22:45
39,transport_to_cell_1,end,21:22:45
39,operation_on_cell_1,start,21:22:45
39,operation_on_cell_1,end,21:22:45
39,transport_to_cell_2,start,21:22:45
39,transport_to_cell_2,end,21:22:55
39,operation_on_cell_2,start,21:22:55
39,operation_on_cell_2,end,21:22:55
39,transport_to_track_2,start,21:22:55
39,transport_to_track_2,end,21:23:00
40,transport_to_track_1,start,21:23:00
40,transport_to_track_1,end,21:23:00
40,transport_to_cell_1,start,21:23:00
40,transport_to_cell_1,end,21:23:10
40,operation_on_cell_1,start,21:23:10
40,operation_on_cell_1,end,21:23:10
40,transport_to_cell_2,start,21:23:10
40,transport_to_cell_2,end,21:23:20
40,operation_on_cell_2,start,21:23:20
40,operation_on_cell_2,end,21:23:30
40,transport_to_track_2,start,21:23:30
40,transport_to_track_2,end,21:23:40
41,transport_to_track_1,start,21:23:40
41,transport_to_track_1,end,21:23:40
41,transport_to_cell_1,start,21:23:40
41,transport_to_cell_1,end,21:23:55
41,operation_on_cell_1,start,21:23:55
41,operation_on_cell_1,end,21:24:00
41,transport_to_cell_2,start,21:24:00
41,transport_to_cell_2,end,21:24:05
41,operation_on_cell_2,start,21:24:05
41,operation_on_cell_2,end,21:24:15
41,transport_to_track_2,start,21:24:15
41,transport_to_track_2,end,21:24:15
42,transport_to_track_1,start,21:24:15
42,transport_to_track_1,end,21:24:25
42,transport_to_cell_1,start,21:24:25
42,transport_to_cell_1,end,21:24:30
42,operation_on_cell_1,start,21:24:30
42,operation_on_cell_1,end,21:24:45
42,transport_to_cell_2,start,21:24:45
42,transport_to_cell_2,end,21:24:45
42,operation_on_cell_2,start,21:24:45
42,operation_on_cell_2,end,21:24:50
42,transport_to_track_2,start,21:24:50
42,transport_to_track_2,end,21:24:50
43,transport_to_track_1,start,21:24:50
43,transport_to_track_1,end,21:25:00
43,transport_to_cell_1,start,21:25:00
43,transport_to_cell_1,end,21:25:10
43,operation_on_cell_1,start,21:25:10
43,operation_on_cell_1,end,21:25:15
43,transport_to_cell_2,start,21:25:15
43,transport_to_cell_2,end,21:25:15
43,operation_on_cell_2,start,21:25:15
43,operation_on_cell_2,end,21:25:15
43,transport_to_track_2,start,21:25:15
43,transport_to_track_2,end,21:25:15
44,transport_to_track_1,start,21:25:15
44,transport_to_track_1,end,21:25:20
44,transport_to_cell_1,start,21:25:20
44,transport_to_cell_1,end,21:25:25
44,operation_on_cell_1,start,21:25:25
44,operation_on_cell_1,end,21:25:30
44,transport_to_cell_2,start,21:25:30
44,transport_to_cell_2,end,21:25:30
44,operation_on_cell_2,start,21:25:30
44,operation_on_cell_2,end,21:25:30
44,transport_to_track_2,start,21:25:30
44,transport_to_track_2,end,21:25:35
45,transport_to_track_1,start,21:25:35
45,transport_to_track_1,end,21:25:40
45,transport_to_cell_1,start,21:25:40
45,transport_to_cell_1,end,21:25:55
45,operation_on_cell_1,start,21:25:55
45,operation_on_cell_1,end,21:25:55
45,transport_to_cell_2,start,21:25:55
45,transport_to_cell_2,end,21:26:05
45,operation_on_cell_2,start,21:26:05
45,operation_on_cell_2,end,21:26:05
45,transport_to_track_2,start,21:26:05
45,transport_to_track_2,end,21:26:10
46,transport_to_track_1,start,21:26:10
46,transport_to_track_1,end,21:26:10
46,transport_to_cell_1,start,21:26:10
46,transport_to_cell_1,end,21:26:10
46,operation_on_cell_1,start,21:26:10
46,operation_on_cell_1,end,21:26:15
46,transport_to_cell_2,start,21:26:15
46,transport_to_cell_2,end,21:26:20
46,operation_on_cell_2,start,21:26:20
46,operation_on_cell_2,end,21:26:25
46,transport_to_track_2,start,21:26:25
46,transport_to_track_2,end,21:26:25
47,transport_to_track_1,start,21:26:25
47,transport_to_track_1,end,21:26:40
47,transport_to_cell_1,start,21:26:40
47,transport_to_cell_1,end,21:26:55
47,operation_on_cell_1,start,21:26:55
47,operation_on_cell_1,end,21:26:55
47,transport_to_cell_2,start,21:26:55
47,transport_to_cell_2,end,21:27:00
47,operation_on_cell_2,start,21:27:00
47,operation_on_cell_2,end,21:27:00
47,transport_to_track_2,start,21:27:00
47,transport_to_track_2,end,21:27:00
48,transport_to_track_1,start,21:27:00
48,transport_to_track_1,end,21:27:05
48,transport_to_cell_1,start,21:27:05
48,transport_to_cell_1,end,21:27:05
48,operation_on_cell_1,start,21:27:05
48,operation_on_cell_1,end,21:27:15
48,transport_to_cell_2,start,21:27:15
48,transport_to_cell_2,end,21:27:15
48,operation_on_cell_2,start,21:27:15
48,operation_on_cell_2,end,21:27:20
48,transport_to_track_2,start,21:27:20
48,transport_to_track_2,end,21:27:30
49,transport_to_track_1,start,21:27:30
49,transport_to_track_1,end,21:27:50
49,transport_to_cell_1,start,21:27:50
49,transport_to_cell_1,end,21:27:50
49,operation_on_cell_1,start,21:27:50
49,operation_on_cell_1,end,21:27:50
49,transport_to_cell_2,start,21:27:50
49,transport_to_cell_2,end,21:28:05
49,operation_on_cell_2,start,21:28:05
49,operation_on_cell_2,end,21:28:20
49,transport_to_track_2,start,21:28:20
49,transport_to_track_2,end,21:28:30
50,transport_to_track_1,start,21:28:30
50,transport_to_track_1,end,21:28:35
50,transport_to_cell_1,start,21:28:35
50,transport_to_cell_1,end,21:28:40
50,operation_on_cell_1,start,21:28:40
50,operation_on_cell_1,end,21:28:45
50,transport_to_cell_2,start,21:28:45
50,transport_to_cell_2,end,21:28:45
50,operation_on_cell_2,start,21:28:45
50,operation_on_cell_2,end,21:28:45
50,transport_to_track_2,start,21:28:45
50,transport_to_track_2,end,21:28:50
51,transport_to_track_1,start,21:28:50
51,transport_to_track_1,end,21:28:50
51,transport_to_cell_1,start,21:28:50
51,transport_to_cell_1,end,21:28:55
51,operation_on_cell_1,start,21:28:55
51,operation_on_cell_1,end,21:29:00
51,transport_to_cell_2,start,21:29:00
51,transport_to_cell_2,end,21:29:05
51,operation_on_cell_2,start,21:29:05
51,operation_on_cell_2,end,21:29:10
51,transport_to_track_2,start,21:29:10
51,transport_to_track_2,end,21:29:10
52,transport_to_track_1,start,21:29:10
52,transport_to_track_1,end,21:29:10
52,transport_to_cell_1,start,21:29:10
52,transport_to_cell_1,end,21:29:15
52,operation_on_cell_1,start,21:29:15
52,operation_on_cell_1,end,21:29:20
52,transport_to_cell_2,start,21:29:20
52,transport_to_cell_2,end,21:29:25
52,operation_on_cell_2,start,21:29:25
52,operation_on_cell_2,end,21:29:35
52,transport_to_track_2,start,21:29:35
52,transport_to_track_2,end,21:29:45
53,transport_to_track_1,start,21:29:45
53,transport_to_track_1,end,21:29:50
53,transport_to_cell_1,start,21:29:50
53,transport_to_cell_1,end,21:29:55
53,operation_on_cell_1,start,21:29:55
53,operation_on_cell_1,end,21:30:00
53,transport_to_cell_2,start,21:30:00
53,transport_to_cell_2,end,21:30:00
53,operation_on_cell_2,start,21:30:00
53,operation_on_cell_2,end,21:30:00
53,transport_to_track_2,start,21:30:00
53,transport_to_track_2,end,21:30:05
54,transport_to_track_1,start,21:30:05
54,transport_to_track_1,end,21:30:15
54,transport_to_cell_1,start,21:30:15
54,transport_to_cell_1,end,21:30:15
54,operation_on_cell_1,start,21:30:15
54,operation_on_cell_1,end,21:30:15
54,transport_to_cell_2,start,21:30:15
54,transport_to_cell_2,end,21:30:35
54,operation_on_cell_2,start,21:30:35
54,operation_on_cell_2,end,21:30:35
54,transport_to_track_2,start,21:30:35
54,transport_to_track_2,end,21:30:50
55,transport_to_track_1,start,21:30:50
55,transport_to_track_1,end,21:30:50
55,transport_to_cell_1,start,21:30:50
55,transport_to_cell_1,end,21:30:50
55,operation_on_cell_1,start,21:30:50
55,operation_on_cell_1,end,21:31:00
55,transport_to_cell_2,start,21:31:00
55,transport_to_cell_2,end,21:31:00
55,operation_on_cell_2,start,21:31:00
55,operation_on_cell_2,end,21:31:05
55,transport_to_track_2,start,21:31:05
55,transport_to_track_2,end,21:31:10
56,transport_to_track_1,start,21:31:10
56,transport_to_track_1,end,21:31:21
56,transport_to_cell_1,start,21:31:21
56,transport_to_cell_1,end,21:31:21
56,operation_on_cell_1,start,21:31:21
56,operation_on_cell_1,end,21:31:21
56,transport_to_cell_2,start,21:31:21
56,transport_to_cell_2,end,21:31:26
56,operation_on_cell_2,start,21:31:26
56,operation_on_cell_2,end,21:31:31
56,transport_to_track_2,start,21:31:31
56,transport_to_track_2,end,21:31:31
57,transport_to_track_1,start,21:31:31
57,transport_to_track_1,end,21:31:31
57,transport_to_cell_1,start,21:31:31
57,transport_to_cell_1,end,21:31:36
57,operation_on_cell_1,start,21:31:36
57,operation_on_cell_1,end,21:31:51
57,transport_to_cell_2,start,21:31:51
57,transport_to_cell_2,end,21:32:06
57,operation_on_cell_2,start,21:32:06
57,operation_on_cell_2,end,21:32:11
57,transport_to_track_2,start,21:32:11
57,transport_to_track_2,end,21:32:16
58,transport_to_track_1,start,21:32:16
58,transport_to_track_1,end,21:32:21
58,transport_to_cell_1,start,21:32:21
58,transport_to_cell_1,end,21:32:21
58,operation_on_cell_1,start,21:32:21
58,operation_on_cell_1,end,21:32:21
58,transport_to_cell_2,start,21:32:21
58,transport_to_cell_2,end,21:32:21
58,operation_on_cell_2,start,21:32:21
58,operation_on_cell_2,end,21:32:26
58,transport_to_track_2,start,21:32:26
58,transport_to_track_2,end,21:32:31
59,transport_to_track_1,start,21:32:31
59,transport_to_track_1,end,21:32:36
59,transport_to_cell_1,start,21:32:36
59,transport_to_cell_1,end,21:32:46
59,operation_on_cell_1,start,21:32:46
59,operation_on_cell_1,end,21:32:46
59,transport_to_cell_2,start,21:32:46
59,transport_to_cell_2,end,21:32:46
59,operation_on_cell_2,start,21:32:46
59,operation_on_cell_2,end,21:32:56
59,transport_to_track_2,start,21:32:56
59,transport_to_track_2,end,21:33:01
60,transport_to_track_1,start,21:33:01
60,transport_to_track_1,end,21:33:01
60,transport_to_cell_1,start,21:33:01
60,transport_to_cell_1,end,21:33:11
60,operation_on_cell_1,start,21:33:11
60,operation_on_cell_1,end,21:33:11
60,transport_to_cell_2,start,21:33:11
60,transport_to_cell_2,end,21:33:11
60,operation_on_cell_2,start,21:33:11
60,operation_on_cell_2,end,21:33:21
60,transport_to_track_2,start,21:33:21
60,transport_to_track_2,end,21:33:31
61,transport_to_track_1,start,21:33:31
61,transport_to_track_1,end,21:33:31
61,transport_to_cell_1,start,21:33:31
61,transport_to_cell_1,end,21:33:31
61,operation_on_cell_1,start,21:33:31
61,operation_on_cell_1,end,21:33:31
61,transport_to_cell_2,start,21:33:31
61,transport_to_cell_2,end,21:33:36
61,operation_on_cell_2,start,21:33:36
61,operation_on_cell_2,end,21:33:51
61,transport_to_track_2,start,21:33:51
61,transport_to_track_2,end,21:33:56
62,transport_to_track_1,start,21:33:56
62,transport_to_track_1,end,21:34:01
62,transport_to_cell_1,start,21:34:01
62,transport_to_cell_1,end,21:34:06
62,operation_on_cell_1,start,21:34:06
62,operation_on_cell_1,end,21:34:11
62,transport_to_cell_2,start,21:34:11
62,transport_to_cell_2,end,21:34:16
62,operation_on_cell_2,start,21:34:16
62,operation_on_cell_2,end,21:34:16
62,transport_to_track_2,start,21:34:16
62,transport_to_track_2,end,21:34:21
63,transport_to_track_1,start,21:34:21
63,transport_to_track_1,end,21:34:31
63,transport_to_cell_1,start,21:34:31
63,transport_to_cell_1,end,21:34:31
63,operation_on_cell_1,start,21:34:31
63,operation_on_cell_1,end,21:34:46
63,transport_to_cell_2,start,21:34:46
63,transport_to_cell_2,end,21:34:51
63,operation_on_cell_2,start,21:34:51
63,operation_on_cell_2,end,21:35:01
63,transport_to_track_2,start,21:35:01
63,transport_to_track_2,end,21:35:06
64,transport_to_track_1,start,21:35:06
64,transport_to_track_1,end,21:35:06
64,transport_to_cell_1,start,21:35:06
64,transport_to_cell_1,end,21:35:06
64,operation_on_cell_1,start,21:35:06
64,operation_on_cell_1,end,21:35:16
64,transport_to_cell_2,start,21:35:16
64,transport_to_cell_2,end,21:35:16
64,operation_on_cell_2,start,21:35:16
64,operation_on_cell_2,end,21:35:31
64,transport_to_track_2,start,21:35:31
64,transport_to_track_2,end,21:35:36
65,transport_to_track_1,start,21:35:36
65,transport_to_track_1,end,21:35:56
65,transport_to_cell_1,start,21:35:56
65,transport_to_cell_1,end,21:36:01
65,operation_on_cell_1,start,21:36:01
65,operation_on_cell_1,end,21:36:01
65,transport_to_cell_2,start,21:36:01
65,transport_to_cell_2,end,21:36:01
65,operation_on_cell_2,start,21:36:01
65,operation_on_cell_2,end,21:36:01
65,transport_to_track_2,start,21:36:01
65,transport_to_track_2,end,21:36:01
66,transport_to_track_1,start,21:36:01
66,transport_to_track_1,end,21:36:01
66,transport_to_cell_1,start,21:36:01
66,transport_to_cell_1,end,21:36:01
66,operation_on_cell_1,start,21:36:01
66,operation_on_cell_1,end,21:36:01
66,transport_to_cell_2,start,21:36:01
66,transport_to_cell_2,end,21:36:01
66,operation_on_cell_2,start,21:36:01
66,operation_on_cell_2,end,21:36:01
66,transport_to_track_2,start,21:36:01
66,transport_to_track_2,end,21:36:01
67,transport_to_track_1,start,21:36:01
67,transport_to_track_1,end,21:36:06
67,transport_to_cell_1,start,21:36:06
67,transport_to_cell_1,end,21:36:16
67,operation_on_cell_1,start,21:36:16
67,operation_on_cell_1,end,21:36:21
67,transport_to_cell_2,start,21:36:21
67,transport_to_cell_2,end,21:36:21
67,operation_on_cell_2,start,21:36:21
67,operation_on_cell_2,end,21:36:36
67,transport_to_track_2,start,21:36:36
67,transport_to_track_2,end,21:36:36
68,transport_to_track_1,start,21:36:36
68,transport_to_track_1,end,21:36:41
68,transport_to_cell_1,start,21:36:41
68,transport_to_cell_1,end,21:36:41
68,operation_on_cell_1,start,21:36:41
68,operation_on_cell_1,end,21:36:46
68,transport_to_cell_2,start,21:36:46
68,transport_to_cell_2,end,21:36:56
68,operation_on_cell_2,start,21:36:56
68,operation_on_cell_2,end,21:36:56
68,transport_to_track_2,start,21:36:56
68,transport_to_track_2,end,21:37:01
69,transport_to_track_1,start,21:37:01
69,transport_to_track_1,end,21:37:16
69,transport_to_cell_1,start,21:37:16
69,transport_to_cell_1,end,21:37:21
69,operation_on_cell_1,start,21:37:21
69,operation_on_cell_1,end,21:37:21
69,transport_to_cell_2,start,21:37:21
69,transport_to_cell_2,end,21:37:21
69,operation_on_cell_2,start,21:37:21
69,operation_on_cell_2,end,21:37:21
69,transport_to_track_2,start,21:37:21
69,transport_to_track_2,end,21:37:31
70,transport_to_track_1,start,21:37:31
70,transport_to_track_1,end,21:37:46
70,transport_to_cell_1,start,21:37:46
70,transport_to_cell_1,end,21:37:51
70,operation_on_cell_1,start,21:37:51
70,operation_on_cell_1,end,21:37:51
70,transport_to_cell_2,start,21:37:51
70,transport_to_cell_2,end,21:37:56
70,operation_on_cell_2,start,21:37:56
70,operation_on_cell_2,end,21:38:06
70,transport_to_track_2,start,21:38:06
70,transport_to_track_2,end,21:38:06
71,transport_to_track_1,start,21:38:06
71,transport_to_track_1,end,21:38:11
71,transport_to_cell_1,start,21:38:11
71,transport_to_cell_1,end,21:38:11
71,operation_on_cell_1,start,21:38:11
71,operation_on_cell_1,end,21:38:11
71,transport_to_cell_2,start,21:38:11
71,transport_to_cell_2,end,21:38:11
71,operation_on_cell_2,start,21:38:11
71,operation_on_cell_2,end,21:38:11
71,transport_to_track_2,start,21:38:11
71,transport_to_track_2,end,21:38:16
72,transport_to_track_1,start,21:38:16
72,transport_to_track_1,end,21:38:21
72,transport_to_cell_1,start,21:38:21
72,transport_to_cell_1,end,21:38:21
72,operation_on_cell_1,start,21:38:21
72,operation_on_cell_1,end,21:38:26
72,transport_to_cell_2,start,21:38:26
72,transport_to_cell_2,end,21:38:26
72,operation_on_cell_2,start,21:38:26
72,operation_on_cell_2,end,21:38:31
72,transport_to_track_2,start,21:38:31
72,transport_to_track_2,end,21:38:41
73,transport_to_track_1,start,21:38:41
73,transport_to_track_1,end,21:38:41
73,transport_to_cell_1,start,21:38:41
73,transport_to_cell_1,end,21:38:41
73,operation_on_cell_1,start,21:38:41
73,operation_on_cell_1,end,21:38:46
73,transport_to_cell_2,start,21:38:46
73,transport_to_cell_2,end,21:38:51
73,operation_on_cell_2,start,21:38:51
73,operation_on_cell_2,end,21:38:56
73,transport_to_track_2,start,21:38:56
73,transport_to_track_2,end,21:39:11
74,transport_to_track_1,start,21:39:11
74,transport_to_track_1,end,21:39:11
74,transport_to_cell_1,start,21:39:11
74,transport_to_cell_1,end,21:39:11
74,operation_on_cell_1,start,21:39:11
74,operation_on_cell_1,end,21:39:21
74,transport_to_cell_2,start,21:39:21
74,transport_to_cell_2,end,21:39:31
74,operation_on_cell_2,start,21:39:31
74,operation_on_cell_2,end,21:39:31
74,transport_to_track_2,start,21:39:31
74,transport_to_track_2,end,21:39:41
75,transport_to_track_1,start,21:39:41
75,transport_to_track_1,end,21:39:51
75,transport_to_cell_1,start,21:39:51
75,transport_to_cell_1,end,21:39:51
75,operation_on_cell_1,start,21:39:51
75,operation_on_cell_1,end,21:39:51
75,transport_to_cell_2,start,21:39:51
75,transport_to_cell_2,end,21:39:56
75,operation_on_cell_2,start,21:39:56
75,operation_on_cell_2,end,21:40:06
75,transport_to_track_2,start,21:40:06
75,transport_to_track_2,end,21:40:11
76,transport_to_track_1,start,21:40:11
76,transport_to_track_1,end,21:40:21
76,transport_to_cell_1,start,21:40:21
76,transport_to_cell_1,end,21:40:31
76,operation_on_cell_1,start,21:40:31
76,operation_on_cell_1,end,21:40:41
76,transport_to_cell_2,start,21:40:41
76,transport_to_cell_2,end,21:40:41
76,operation_on_cell_2,start,21:40:41
76,operation_on_cell_2,end,21:40:41
76,transport_to_track_2,start,21:40:41
76,transport_to_track_2,end,21:40:41
77,transport_to_track_1,start,21:40:41
77,transport_to_track_1,end,21:40:51
77,transport_to_cell_1,start,21:40:51
77,transport_to_cell_1,end,21:40:51
77,operation_on_cell_1,start,21:40:51
77,operation_on_cell_1,end,21:41:01
77,transport_to_cell_2,start,21:41:01
77,transport_to_cell_2,end,21:41:01
77,operation_on_cell_2,start,21:41:01
77,operation_on_cell_2,end,21:41:01
77,transport_to_track_2,start,21:41:01
77,transport_to_track_2,end,21:41:16
78,transport_to_track_1,start,21:41:16
78,transport_to_track_1,end,21:41:21
78,transport_to_cell_1,start,21:41:21
78,transport_to_cell_1,end,21:41:36
78,operation_on_cell_1,start,21:41:36
78,operation_on_cell_1,end,21:41:36
78,transport_to_cell_2,start,21:41:36
78,transport_to_cell_2,end,21:41:36
78,operation_on_cell_2,start,21:41:36
78,operation_on_cell_2,end,21:41:46
78,transport_to_track_2,start,21:41:46
78,transport_to_track_2,end,21:41:51
79,transport_to_track_1,start,21:41:51
79,transport_to_track_1,end,21:41:56
79,transport_to_cell_1,start,21:41:56
79,transport_to_cell_1,end,21:41:56
79,operation_on_cell_1,start,21:41:56
79,operation_on_cell_1,end,21:41:56
79,transport_to_cell_2,start,21:41:56
79,transport_to_cell_2,end,21:42:06
79,operation_on_cell_2,start,21:42:06
79,operation_on_cell_2,end,21:42:06
79,transport_to_track_2,start,21:42:06
79,transport_to_track_2,end,21:42:11
80,transport_to_track_1,start,21:42:11
80,transport_to_track_1,end,21:42:21
80,transport_to_cell_1,start,21:42:21
80,transport_to_cell_1,end,21:42:21
80,operation_on_cell_1,start,21:42:21
80,operation_on_cell_1,end,21:42:21
80,transport_to_cell_2,start,21:42:21
80,transport_to_cell_2,end,21:42:31
80,operation_on_cell_2,start,21:42:31
80,operation_on_cell_2,end,21:42:36
80,transport_to_track_2,start,21:42:36
80,transport_to_track_2,end,21:42:46
81,transport_to_track_1,start,21:42:46
81,transport_to_track_1,end,21:42:51
81,transport_to_cell_1,start,21:42:51
81,transport_to_cell_1,end,21:43:01
81,operation_on_cell_1,start,21:43:01
81,operation_on_cell_1,end,21:43:01
81,transport_to_cell_2,start,21:43:01
81,transport_to_cell_2,end,21:43:01
81,operation_on_cell_2,start,21:43:01
81,operation_on_cell_2,end,21:43:06
81,transport_to_track_2,start,21:43:06
81,transport_to_track_2,end,21:43:21
82,transport_to_track_1,start,21:43:21
82,transport_to_track_1,end,21:43:26
82,transport_to_cell_1,start,21:43:26
82,transport_to_cell_1,end,21:43:31
82,operation_on_cell_1,start,21:43:31
82,operation_on_cell_1,end,21:43:36
82,transport_to_cell_2,start,21:43:36
82,transport_to_cell_2,end,21:43:51
82,operation_on_cell_2,start,21:43:51
82,operation_on_cell_2,end,21:43:56
82,transport_to_track_2,start,21:43:56
82,transport_to_track_2,end,21:43:56
83,transport_to_track_1,start,21:43:56
83,transport_to_track_1,end,21:44:06
83,transport_to_cell_1,start,21:44:06
83,transport_to_cell_1,end,21:44:16
83,operation_on_cell_1,start,21:44:16
83,operation_on_cell_1,end,21:44:16
83,transport_to_cell_2,start,21:44:16
83,transport_to_cell_2,end,21:44:16
83,operation_on_cell_2,start,21:44:16
83,operation_on_cell_2,end,21:44:31
83,transport_to_track_2,start,21:44:31
83,transport_to_track_2,end,21:44:41
84,transport_to_track_1,start,21:44:41
84,transport_to_track_1,end,21:45:06
84,transport_to_cell_1,start,21:45:06
84,transport_to_cell_1,end,21:45:06
84,operation_on_cell_1,start,21:45:06
84,operation_on_cell_1,end,21:45:11
84,transport_to_cell_2,start,21:45:11
84,transport_to_cell_2,end,21:45:16
84,operation_on_cell_2,start,21:45:16
84,operation_on_cell_2,end,21:45:26
84,transport_to_track_2,start,21:45:26
84,transport_to_track_2,end,21:45:31
85,transport_to_track_1,start,21:45:31
85,transport_to_track_1,end,21:45:31
85,transport_to_cell_1,start,21:45:31
85,transport_to_cell_1,end,21:45:31
85,operation_on_cell_1,start,21:45:31
85,operation_on_cell_1,end,21:45:36
85,transport_to_cell_2,start,21:45:36
85,transport_to_cell_2,end,21:45:36
85,operation_on_cell_2,start,21:45:36
85,operation_on_cell_2,end,21:45:36
85,transport_to_track_2,start,21:45:36
85,transport_to_track_2,end,21:45:46
86,transport_to_track_1,start,21:45:46
86,transport_to_track_1,end,21:45:51
86,transport_to_cell_1,start,21:45:51
86,transport_to_cell_1,end,21:45:51
86,operation_on_cell_1,start,21:45:51
86,operation_on_cell_1,end,21:45:57
86,transport_to_cell_2,start,21:45:57
86,transport_to_cell_2,end,21:45:57
86,operation_on_cell_2,start,21:45:57
86,operation_on_cell_2,end,21:46:07
86,transport_to_track_2,start,21:46:07
86,transport_to_track_2,end,21:46:07
87,transport_to_track_1,start,21:46:07
87,transport_to_track_1,end,21:46:12
87,transport_to_cell_1,start,21:46:12
87,transport_to_cell_1,end,21:46:12
87,operation_on_cell_1,start,21:46:12
87,operation_on_cell_1,end,21:46:27
87,transport_to_cell_2,start,21:46:27
87,transport_to_cell_2,end,21:46:27
87,operation_on_cell_2,start,21:46:27
87,operation_on_cell_2,end,21:46:42
87,transport_to_track_2,start,21:46:42
87,transport_to_track_2,end,21:46:42
88,transport_to_track_1,start,21:46:42
88,transport_to_track_1,end,21:47:07
88,transport_to_cell_1,start,21:47:07
88,transport_to_cell_1,end,21:47:12
88,operation_on_cell_1,start,21:47:12
88,operation_on_cell_1,end,21:47:17
88,transport_to_cell_2,start,21:47:17
88,transport_to_cell_2,end,21:47:22
88,operation_on_cell_2,start,21:47:22
88,operation_on_cell_2,end,21:47:22
88,transport_to_track_2,start,21:47:22
88,transport_to_track_2,end,21:47:22
89,transport_to_track_1,start,21:47:22
89,transport_to_track_1,end,21:47:27
89,transport_to_cell_1,start,21:47:27
89,transport_to_cell_1,end,21:47:27
89,operation_on_cell_1,start,21:47:27
89,operation_on_cell_1,end,21:47:42
89,transport_to_cell_2,start,21:47:42
89,transport_to_cell_2,end,21:47:57
89,operation_on_cell_2,start,21:47:57
89,operation_on_cell_2,end,21:47:57
89,transport_to_track_2,start,21:47:57
89,transport_to_track_2,end,21:48:02
90,transport_to_track_1,start,21:48:02
90,transport_to_track_1,end,21:48:07
90,transport_to_cell_1,start,21:48:07
90,transport_to_cell_1,end,21:48:12
90,operation_on_cell_1,start,21:48:12
90,operation_on_cell_1,end,21:48:17
90,transport_to_cell_2,start,21:48:17
90,transport_to_cell_2,end,21:48:22
90,operation_on_cell_2,start,21:48:22
90,operation_on_cell_2,end,21:48:32
90,transport_to_track_2,start,21:48:32
90,transport_to_track_2,end,21:48:37
91,transport_to_track_1,start,21:48:37
91,transport_to_track_1,end,21:48:42
91,transport_to_cell_1,start,21:48:42
91,transport_to_cell_1,end,21:48:47
91,operation_on_cell_1,start,21:48:47
91,operation_on_cell_1,end,21:49:02
91,transport_to_cell_2,start,21:49:02
91,transport_to_cell_2,end,21:49:07
91,operation_on_cell_2,start,21:49:07
91,operation_on_cell_2,end,21:49:07
91,transport_to_track_2,start,21:49:07
91,transport_to_track_2,end,21:49:07
92,transport_to_track_1,start,21:49:07
92,transport_to_track_1,end,21:49:07
92,transport_to_cell_1,start,21:49:07
92,transport_to_cell_1,end,21:49:17
92,operation_on_cell_1,start,21:49:17
92,operation_on_cell_1,end,21:49:17
92,transport_to_cell_2,start,21:49:17
92,transport_to_cell_2,end,21:49:17
92,operation_on_cell_2,start,21:49:17
92,operation_on_cell_2,end,21:49:22
92,transport_to_track_2,start,21:49:22
92,transport_to_track_2,end,21:49:32
93,transport_to_track_1,start,21:49:32
93,transport_to_track_1,end,21:49:37
93,transport_to_cell_1,start,21:49:37
93,transport_to_cell_1,end,21:49:42
93,operation_on_cell_1,start,21:49:42
93,operation_on_cell_1,end,21:49:47
93,transport_to_cell_2,start,21:49:47
93,transport_to_cell_2,end,21:49:52
93,operation_on_cell_2,start,21:49:52
93,operation_on_cell_2,end,21:49:57
93,transport_to_track_2,start,21:49:57
93,transport_to_track_2,end,21:50:02
94,transport_to_track_1,start,21:50:02
94,transport_to_track_1,end,21:50:07
94,transport_to_cell_1,start,21:50:07
94,transport_to_cell_1,end,21:50:07
94,operation_on_cell_1,start,21:50:07
94,operation_on_cell_1,end,21:50:12
94,transport_to_cell_2,start,21:50:12
94,transport_to_cell_2,end,21:50:12
94,operation_on_cell_2,start,21:50:12
94,operation_on_cell_2,end,21:50:27
94,transport_to_track_2,start,21:50:27
94,transport_to_track_2,end,21:50:32
95,transport_to_track_1,start,21:50:32
95,transport_to_track_1,end,21:50:32
95,transport_to_cell_1,start,21:50:32
95,transport_to_cell_1,end,21:50:32
95,operation_on_cell_1,start,21:50:32
95,operation_on_cell_1,end,21:50:37
95,transport_to_cell_2,start,21:50:37
95,transport_to_cell_2,end,21:51:07
95,operation_on_cell_2,start,21:51:07
95,operation_on_cell_2,end,21:51:07
95,transport_to_track_2,start,21:51:07
95,transport_to_track_2,end,21:51:27
96,transport_to_track_1,start,21:51:27
96,transport_to_track_1,end,21:51:32
96,transport_to_cell_1,start,21:51:32
96,transport_to_cell_1,end,21:51:37
96,operation_on_cell_1,start,21:51:37
96,operation_on_cell_1,end,21:51:52
96,transport_to_cell_2,start,21:51:52
96,transport_to_cell_2,end,21:51:57
96,operation_on_cell_2,start,21:51:57
96,operation_on_cell_2,end,21:52:07
96,transport_to_track_2,start,21:52:07
96,transport_to_track_2,end,21:52:22
97,transport_to_track_1,start,21:52:22
97,transport_to_track_1,end,21:52:27
97,transport_to_cell_1,start,21:52:27
97,transport_to_cell_1,end,21:52:37
97,operation_on_cell_1,start,21:52:37
97,operation_on_cell_1,end,21:52:42
97,transport_to_cell_2,start,21:52:42
97,transport_to_cell_2,end,21:52:47
97,operation_on_cell_2,start,21:52:47
97,operation_on_cell_2,end,21:52:52
97,transport_to_track_2,start,21:52:52
97,transport_to_track_2,end,21:52:52
98,transport_to_track_1,start,21:52:52
98,transport_to_track_1,end,21:52:57
98,transport_to_cell_1,start,21:52:57
98,transport_to_cell_1,end,21:52:57
98,operation_on_cell_1,start,21:52:57
98,operation_on_cell_1,end,21:52:57
98,transport_to_cell_2,start,21:52:57
98,transport_to_cell_2,end,21:53:02
98,operation_on_cell_2,start,21:53:02
98,operation_on_cell_2,end,21:53:02
98,transport_to_track_2,start,21:53:02
98,transport_to_track_2,end,21:53:07
99,transport_to_track_1,start,21:53:07
99,transport_to_track_1,end,21:53:12
99,transport_to_cell_1,start,21:53:12
99,transport_to_cell_1,end,21:53:17
99,operation_on_cell_1,start,21:53:17
99,operation_on_cell_1,end,21:53:17
99,transport_to_cell_2,start,21:53:17
99,transport_to_cell_2,end,21:53:22
99,operation_on_cell_2,start,21:53:22
99,operation_on_cell_2,end,21:53:32
99,transport_to_track_2,start,21:53:32
99,transport_to_track_2,end,21:53:37
100,transport_to_track_1,start,22:02:38
100,transport_to_track_1,end,22:02:43
100,transport_to_cell_1,start,22:02:43
100,transport_to_cell_1,end,22:02:43
100,operation_on_cell_1,start,22:02:43
100,operation_on_cell_1,end,22:02:43
100,transport_to_cell_2,start,22:02:43
100,transport_to_cell_2,end,22:02:43
100,operation_on_cell_2,start,22:02:43
100,operation_on_cell_2,end,22:02:53
100,transport_to_track_2,start,22:02:53
100,transport_to_track_2,end,22:03:03
